distribution,rate,clip,forecaster,target,exact_bias,exact_variance,exact_rmse,mc_bias,mc_rmse,p50,p95,p99,mean_ess,max_weight,top_forecaster_recovery
"[1, 1, 1, 1]",0.005,,0,0.7536951666666667,0.0,0.12473108717460085,0.3531728856730098,0.012089191750033312,0.3431641807748951,0.7385248297,1.3600704225,1.7000986888,4.585420673291365,183.33419999999998,0.229
"[1, 1, 1, 1]",0.005,,1,0.7241116666666666,0.0,0.12210916369609735,0.3494412163670699,0.012560504940033357,0.3377650710852687,0.7114167349999999,1.3264810324,1.6596730415,4.585420673291365,183.33419999999998,0.229
"[1, 1, 1, 1]",0.005,,2,0.7543553551776685,0.0,0.12481361140771377,0.3532896989833043,0.012497703342519428,0.34291880783607487,0.739289211425,1.3658363633,1.6703482851,4.585420673291365,183.33419999999998,0.229
"[1, 1, 1, 1]",0.005,10,0,0.7536951666666667,-0.6963124676360425,0.0007153285677472304,0.6968259331806919,-0.6954355483333333,0.6959175815861922,0.05623666666666667,0.10385666666666667,0.12908333333333333,4.622,10,0.224
"[1, 1, 1, 1]",0.005,10,1,0.7241116666666666,-0.6689992746217704,0.0006996945685136079,0.6695220115970562,-0.6680902783333332,0.6685761332418174,0.05432,0.10070166666666666,0.123185,4.622,10,0.224
"[1, 1, 1, 1]",0.005,10,2,0.7543553551776685,-0.6969102245649331,0.000716101396738552,0.6974238040817679,-0.696008024531753,0.6964891166039127,0.05609666666666667,0.10356,0.12825201849999998,4.622,10,0.224
"[1, 1, 1, 1]",0.005,50,0,0.7536951666666667,-0.46678167151354566,0.017883214193680757,0.4855598243828049,-0.46239707500000005,0.48018539840963165,0.28118333333333334,0.5192833333333333,0.6454166666666666,4.622,50,0.225
"[1, 1, 1, 1]",0.005,50,1,0.7241116666666666,-0.44854970644218595,0.017492364212840197,0.4676421744905087,-0.44400472499999993,0.46192623247556464,0.2716,0.5035083333333333,0.615925,4.622,50,0.225
"[1, 1, 1, 1]",0.005,50,2,0.7543553551776685,-0.4671297021139914,0.017902534918463796,0.485914286181802,-0.4626187019480912,0.48037906570724803,0.28048333333333336,0.5178,0.6412600925,4.622,50,0.225
"[1, 1, 1, 1]",0.005,100,0,0.7536951666666667,-0.17986817636042463,0.07153285677472303,0.3223126085680606,-0.1710989833333334,0.31039122024751997,0.5623666666666667,1.0385666666666666,1.2908333333333333,4.622,100,0.225
"[1, 1, 1, 1]",0.005,100,1,0.7241116666666666,-0.1729877462177053,0.06996945685136079,0.31606046445710667,-0.16389778333333327,0.3029935264796189,0.5432,1.0070166666666667,1.23185,4.622,100,0.225
"[1, 1, 1, 1]",0.005,100,2,0.7543553551776685,-0.17990404905031432,0.07161013967385518,0.3224524872575076,-0.17088204871851387,0.31014933191087696,0.5609666666666667,1.0356,1.282520185,4.622,100,0.225
"[1, 1, 1, 1]",0.02,,0,0.7536951666666667,0.0,0.028320355170254375,0.16828652700158256,-0.006786917162066697,0.17223032654784903,0.7410735109500001,1.044039846075,1.1825728814749998,17.970007959977867,45.833549999999995,0.409
"[1, 1, 1, 1]",0.02,,1,0.7241116666666666,0.0,0.027782912945232673,0.16668207145710864,-0.00500696521801669,0.169934921428093,0.711835884725,1.013304879875,1.16157395495,17.970007959977867,45.833549999999995,0.409
"[1, 1, 1, 1]",0.02,,2,0.7543553551776685,0.0,0.028341673785756687,0.1683498553184905,-0.006217871209242887,0.1728744952957133,0.7414577485749999,1.0421147165499998,1.193497793975,17.970007959977867,45.833549999999995,0.409
"[1, 1, 1, 1]",0.02,10,0,0.7536951666666667,-0.5241643705441699,0.002593499208747586,0.5266324966774395,-0.5260615750000001,0.5286349459055527,0.22604500000000002,0.31656833333333334,0.35980333333333336,18.141,10,0.396
"[1, 1, 1, 1]",0.02,10,1,0.7241116666666666,-0.5036620984870821,0.002542168039319369,0.5061794913780393,-0.5049855116666666,0.5075906255747369,0.216975,0.30837333333333333,0.35153333333333336,18.141,10,0.396
"[1, 1, 1, 1]",0.02,10,2,0.7543553551776685,-0.5245748327267268,0.0025964148796284426,0.5270438027430944,-0.5263095292113658,0.5289046403014244,0.22536833333333334,0.3171070370370371,0.36060833333333336,18.141,10,0.396
"[1, 1, 1, 1]",0.02,50,0,0.7536951666666667,0.0,0.028320355170254375,0.16828652700158256,-0.006786917162066697,0.17223032654784903,0.7410735109500001,1.044039846075,1.1825728814749998,17.970007959977867,45.833549999999995,0.409
"[1, 1, 1, 1]",0.02,50,1,0.7241116666666666,0.0,0.027782912945232673,0.16668207145710864,-0.00500696521801669,0.169934921428093,0.711835884725,1.013304879875,1.16157395495,17.970007959977867,45.833549999999995,0.409
"[1, 1, 1, 1]",0.02,50,2,0.7543553551776685,0.0,0.028341673785756687,0.1683498553184905,-0.006217871209242887,0.1728744952957133,0.7414577485749999,1.0421147165499998,1.193497793975,17.970007959977867,45.833549999999995,0.409
"[1, 1, 1, 1]",0.02,100,0,0.7536951666666667,0.0,0.028320355170254375,0.16828652700158256,-0.006786917162066697,0.17223032654784903,0.7410735109500001,1.044039846075,1.1825728814749998,17.970007959977867,45.833549999999995,0.409
"[1, 1, 1, 1]",0.02,100,1,0.7241116666666666,0.0,0.027782912945232673,0.16668207145710864,-0.00500696521801669,0.169934921428093,0.711835884725,1.013304879875,1.16157395495,17.970007959977867,45.833549999999995,0.409
"[1, 1, 1, 1]",0.02,100,2,0.7543553551776685,0.0,0.028341673785756687,0.1683498553184905,-0.006217871209242887,0.1728744952957133,0.7414577485749999,1.0421147165499998,1.193497793975,17.970007959977867,45.833549999999995,0.409
"[1, 1, 1, 1]",0.1,,0,0.7536951666666667,0.0,0.0026108266357619853,0.05109624874452121,0.0003160824042381938,0.05231815178517532,0.7550093054249999,0.8375916934849998,0.8702390314999998,90.54874588288568,9.166709999999998,0.554
"[1, 1, 1, 1]",0.1,,1,0.7241116666666666,0.0,0.0026292460783354224,0.05127617456807228,0.0009641932226532868,0.051383813617383166,0.7258913492849999,0.8101912553249999,0.8349532883449998,90.54874588288568,9.166709999999998,0.554
"[1, 1, 1, 1]",0.1,,2,0.7543553551776685,0.0,0.0026158237532347985,0.05114512443268467,0.0007483876579820192,0.052392615827595,0.7545483859641593,0.8430072468753881,0.8698050679323609,90.54874588288568,9.166709999999998,0.554
"[1, 1, 1, 1]",0.1,10,0,0.7536951666666667,0.0,0.0026108266357619853,0.05109624874452121,0.0003160824042381938,0.05231815178517532,0.7550093054249999,0.8375916934849998,0.8702390314999998,90.54874588288568,9.166709999999998,0.554
"[1, 1, 1, 1]",0.1,10,1,0.7241116666666666,0.0,0.0026292460783354224,0.05127617456807228,0.0009641932226532868,0.051383813617383166,0.7258913492849999,0.8101912553249999,0.8349532883449998,90.54874588288568,9.166709999999998,0.554
"[1, 1, 1, 1]",0.1,10,2,0.7543553551776685,0.0,0.0026158237532347985,0.05114512443268467,0.0007483876579820192,0.052392615827595,0.7545483859641593,0.8430072468753881,0.8698050679323609,90.54874588288568,9.166709999999998,0.554
"[1, 1, 1, 1]",0.1,50,0,0.7536951666666667,0.0,0.0026108266357619853,0.05109624874452121,0.0003160824042381938,0.05231815178517532,0.7550093054249999,0.8375916934849998,0.8702390314999998,90.54874588288568,9.166709999999998,0.554
"[1, 1, 1, 1]",0.1,50,1,0.7241116666666666,0.0,0.0026292460783354224,0.05127617456807228,0.0009641932226532868,0.051383813617383166,0.7258913492849999,0.8101912553249999,0.8349532883449998,90.54874588288568,9.166709999999998,0.554
"[1, 1, 1, 1]",0.1,50,2,0.7543553551776685,0.0,0.0026158237532347985,0.05114512443268467,0.0007483876579820192,0.052392615827595,0.7545483859641593,0.8430072468753881,0.8698050679323609,90.54874588288568,9.166709999999998,0.554
"[1, 1, 1, 1]",0.1,100,0,0.7536951666666667,0.0,0.0026108266357619853,0.05109624874452121,0.0003160824042381938,0.05231815178517532,0.7550093054249999,0.8375916934849998,0.8702390314999998,90.54874588288568,9.166709999999998,0.554
"[1, 1, 1, 1]",0.1,100,1,0.7241116666666666,0.0,0.0026292460783354224,0.05127617456807228,0.0009641932226532868,0.051383813617383166,0.7258913492849999,0.8101912553249999,0.8349532883449998,90.54874588288568,9.166709999999998,0.554
"[1, 1, 1, 1]",0.1,100,2,0.7543553551776685,0.0,0.0026158237532347985,0.05114512443268467,0.0007483876579820192,0.052392615827595,0.7545483859641593,0.8430072468753881,0.8698050679323609,90.54874588288568,9.166709999999998,0.554
"[1, 2, 4, 8]",0.005,,0,0.7536951666666667,0.0,0.29214654482218566,0.5405058231158899,0.008912676587883306,0.5368187438767119,0.64264878,1.7313389564499997,2.40374305285,2.677296844820938,903.1272000000001,0.194
"[1, 2, 4, 8]",0.005,,1,0.7241116666666666,0.0,0.2774316326760272,0.526717792253145,0.008067259728583354,0.5296395656276469,0.6125958359,1.7483973813499998,2.4877835875999996,2.677296844820938,903.1272000000001,0.194
"[1, 2, 4, 8]",0.005,,2,0.7543553551776685,0.0,0.28742837680577615,0.5361234716049803,0.007910497671046457,0.5324436455599199,0.6441667420499999,1.7366663788,2.3899447044,2.677296844820938,903.1272000000001,0.194
"[1, 2, 4, 8]",0.005,10,0,0.7536951666666667,-0.7100435626532654,0.0005574174171380421,0.7104359776098615,-0.709869525,0.7102507111261018,0.04190166666666666,0.08594333333333334,0.10733999999999999,3.469,10,0.216
"[1, 2, 4, 8]",0.005,10,1,0.7241116666666666,-0.6818137702951439,0.0005613107510734849,0.6822252766609814,-0.6816711616666666,0.6820752742722939,0.04031333333333334,0.08478333333333334,0.10669833333333334,3.469,10,0.216
"[1, 2, 4, 8]",0.005,10,2,0.7543553551776685,-0.7105291544070247,0.0005665830998182426,0.7109277476383797,-0.7104138275891178,0.71079608986606,0.04269333333333333,0.08694333333333333,0.10557,3.469,10,0.216
"[1, 2, 4, 8]",0.005,50,0,0.7536951666666667,-0.5354371465996605,0.013935435428451054,0.5482958812422699,-0.5345669583333333,0.5470786837621664,0.20950833333333332,0.42971666666666664,0.5367,3.469,50,0.216
"[1, 2, 4, 8]",0.005,50,1,0.7241116666666666,-0.5126221848090533,0.01403276877683712,0.5261314219235004,-0.5119091416666666,0.5251939141526283,0.20156666666666667,0.4239166666666667,0.5334916666666667,3.469,50,0.216
"[1, 2, 4, 8]",0.005,50,2,0.7543553551776685,-0.5352243513244496,0.014164577495456064,0.5482970761787208,-0.5346477172349149,0.5472020239554941,0.21346666666666664,0.43471666666666664,0.52785,3.469,50,0.216
"[1, 2, 4, 8]",0.005,100,0,0.7536951666666667,-0.36183184807572,0.04524390864935808,0.4197215683417389,-0.3604771870975,0.417175184721506,0.3716778825,0.7665352937500001,0.9354627426666667,3.4301917397747745,100,0.211
"[1, 2, 4, 8]",0.005,100,1,0.7241116666666666,-0.3445807680472605,0.04535280119608111,0.40507864286348283,-0.3436596768501166,0.4037824376551541,0.36059133860000003,0.7737065397333334,0.9517453327333334,3.4301917397747745,100,0.211
"[1, 2, 4, 8]",0.005,100,2,0.7543553551776685,-0.36078766120061545,0.045924210153529495,0.4196331095470656,-0.3599895377083946,0.4169442689864053,0.3747,0.77525618445,0.95498493195,3.4301917397747745,100,0.211
"[1, 2, 4, 8]",0.02,,0,0.7536951666666667,0.0,0.07017421958215059,0.2649041705639052,-0.0012267552420291983,0.25419127888830156,0.7385081483375,1.2077527039499998,1.4857494885999998,8.760349492710414,225.78180000000003,0.334
"[1, 2, 4, 8]",0.02,,1,0.7241116666666666,0.0,0.06661353019021514,0.2580959708910915,-0.0010555019358791107,0.24557327908991694,0.7099353543625,1.1526579787625,1.4350280894374998,8.760349492710414,225.78180000000003,0.334
"[1, 2, 4, 8]",0.02,,2,0.7543553551776685,0.0,0.06899536513527228,0.2626696882688832,-0.0007758329101283934,0.25134943615554234,0.7361348453096292,1.1942222113124998,1.48166992540625,8.760349492710414,225.78180000000003,0.334
"[1, 2, 4, 8]",0.02,10,0,0.7536951666666667,-0.5790887506130618,0.0020726933328267896,0.5808756101089317,-0.579045555,0.5808375973784029,0.17230666666666666,0.25174833333333335,0.2911533333333333,13.889,10,0.436
"[1, 2, 4, 8]",0.02,10,1,0.7241116666666666,-0.554920081180576,0.0020902887217289098,0.5568003100027746,-0.5544904783333333,0.5563990096377404,0.16790666666666668,0.247915,0.2870983333333333,13.889,10,0.436
"[1, 2, 4, 8]",0.02,10,2,0.7543553551776685,-0.5790505520950934,0.0021073315418361866,0.5808673458057947,-0.5786207274496492,0.5804523604689067,0.174235,0.2535483333333333,0.29291855553703705,13.889,10,0.436
"[1, 2, 4, 8]",0.02,50,0,0.7536951666666667,-0.20356887745676344,0.023739670885070736,0.25530365989166215,-0.20446443115344592,0.2545112186065066,0.5427326485874999,0.7965051619041668,0.9291048545625,12.045070757798022,50,0.394
"[1, 2, 4, 8]",0.02,50,1,0.7241116666666666,-0.1930260456990781,0.023295091206145455,0.24607751933967484,-0.19306540832127905,0.2446993121301112,0.5230077355874999,0.7768197423208333,0.9064754739999998,12.045070757798022,50,0.394
"[1, 2, 4, 8]",0.02,50,2,0.7543553551776685,-0.20223501587926318,0.023805104218334396,0.25437001762397277,-0.20210892497997568,0.25285382458585653,0.5437000490194444,0.802752997225,0.9430503691541666,12.045070757798022,50,0.394
"[1, 2, 4, 8]",0.02,100,0,0.7536951666666667,-0.07292623670593978,0.046081564059946546,0.22671524002597906,-0.07371607694036253,0.219622998917983,0.6687044773,1.0465162679,1.215591843175,9.950630875833157,100,0.345
"[1, 2, 4, 8]",0.02,100,1,0.7241116666666666,-0.06845568899830312,0.044339634819294343,0.22141774132965666,-0.06855063227394587,0.21348559367121087,0.6465823374249999,1.0217992246416665,1.1953004869875001,9.950630875833157,100,0.345
"[1, 2, 4, 8]",0.02,100,2,0.7543553551776685,-0.07207583863976941,0.04569114831126104,0.2255794202202123,-0.07196475548952841,0.2180743010519458,0.6672552603124999,1.0484519704250002,1.2050596253374999,9.950630875833157,100,0.345
"[1, 2, 4, 8]",0.1,,0,0.7536951666666667,0.0,0.010981599518141224,0.10479312724669125,0.0003764269890657035,0.1047050739503032,0.7512409278899999,0.9393807664149999,1.0091565194399996,40.00618357854629,45.156359999999985,0.45
"[1, 2, 4, 8]",0.1,,1,0.7241116666666666,0.0,0.010395369527331916,0.10195768498417329,0.001787944940288222,0.10194938211978863,0.7212475581649999,0.9101311745599999,0.9954626191299999,40.00618357854629,45.156359999999985,0.45
"[1, 2, 4, 8]",0.1,,2,0.7543553551776685,0.0,0.010746562023137916,0.10366562604420965,0.0006920370198523207,0.10388424404385169,0.751198475315,0.9400792271937168,1.0139012340182028,40.00618357854629,45.156359999999985,0.45
"[1, 2, 4, 8]",0.1,10,0,0.7536951666666667,-0.20356887745676344,0.003114565418949884,0.21108020581749642,-0.2025035403374177,0.20978865737123598,0.5516718779299999,0.6464960784483332,0.6834117956066666,59.75661261700997,10,0.538
"[1, 2, 4, 8]",0.1,10,1,0.7241116666666666,-0.193026045699078,0.0030700317196099085,0.20082102986946473,-0.19150777910404504,0.19907818139187897,0.532130422395,0.6249520929099999,0.6692420434074999,59.75661261700997,10,0.538
"[1, 2, 4, 8]",0.1,10,2,0.7543553551776685,-0.20223501587926307,0.0031155158081232572,0.20979637140763194,-0.2011061920970698,0.2084681639838083,0.5525706610991666,0.6469643036216666,0.68462530959375,59.75661261700997,10,0.538
"[1, 2, 4, 8]",0.1,50,0,0.7536951666666667,0.0,0.010981599518141224,0.10479312724669125,0.0003764269890657035,0.1047050739503032,0.7512409278899999,0.9393807664149999,1.0091565194399996,40.00618357854629,45.156359999999985,0.45
"[1, 2, 4, 8]",0.1,50,1,0.7241116666666666,0.0,0.010395369527331916,0.10195768498417329,0.001787944940288222,0.10194938211978863,0.7212475581649999,0.9101311745599999,0.9954626191299999,40.00618357854629,45.156359999999985,0.45
"[1, 2, 4, 8]",0.1,50,2,0.7543553551776685,0.0,0.010746562023137916,0.10366562604420965,0.0006920370198523207,0.10388424404385169,0.751198475315,0.9400792271937168,1.0139012340182028,40.00618357854629,45.156359999999985,0.45
"[1, 2, 4, 8]",0.1,100,0,0.7536951666666667,0.0,0.010981599518141224,0.10479312724669125,0.0003764269890657035,0.1047050739503032,0.7512409278899999,0.9393807664149999,1.0091565194399996,40.00618357854629,45.156359999999985,0.45
"[1, 2, 4, 8]",0.1,100,1,0.7241116666666666,0.0,0.010395369527331916,0.10195768498417329,0.001787944940288222,0.10194938211978863,0.7212475581649999,0.9101311745599999,0.9954626191299999,40.00618357854629,45.156359999999985,0.45
"[1, 2, 4, 8]",0.1,100,2,0.7543553551776685,0.0,0.010746562023137916,0.10366562604420965,0.0006920370198523207,0.10388424404385169,0.751198475315,0.9400792271937168,1.0139012340182028,40.00618357854629,45.156359999999985,0.45
