owners,fraction,mechanism,side,slope,offset,heldout_gain,principal_value_change
[0],0.25,coupled_winner,0,1,0.3,1.0063813333333333,-0.045982536000000004
[0],0.25,coupled_winner,0.25,1,0.4,1.254012,-0.048127688
[0],0.25,coupled_winner,1,1,0.4,1.9890120000000002,-0.048127688
[0],0.25,coupled_winner,4,2,0.2,4.914469333333333,-0.051426469333333336
[0],0.25,coupled_audit,0,1,0.3,0.31361333333333324,-0.045982536000000004
[0],0.25,coupled_audit,0.25,1,0.3,0.5402799999999999,-0.045982536000000004
[0],0.25,coupled_audit,1,1,0.4,1.2437066666666667,-0.048127688
[0],0.25,coupled_audit,4,2,0.2,4.155847333333334,-0.051426469333333336
[0],0.25,separated_audit,0,0,0.3,0.0007113333333333497,0.0
[0],0.25,separated_audit,0.25,1,0.3,0.0869466666666666,-0.045982536000000004
[0],0.25,separated_audit,1,1,0.3,0.7669466666666666,-0.045982536000000004
[0],0.25,separated_audit,4,2,0.2,3.6558473333333334,-0.051426469333333336
[1],0.25,coupled_winner,0,1,0.4,0.6398366666666666,-0.04862111
[1],0.25,coupled_winner,0.25,1,0.4,0.8215033333333334,-0.04862111
[1],0.25,coupled_winner,1,1,0.4,1.3665033333333334,-0.04862111
[1],0.25,coupled_winner,4,1.5,0.4,3.5660255,-0.048540363333333336
[1],0.25,coupled_audit,0,1,0.2,0.13589333333333337,-0.03520629333333333
[1],0.25,coupled_audit,0.25,1,0.2,0.26256,-0.03520629333333333
[1],0.25,coupled_audit,1,1,0.4,0.8339059999999999,-0.04862111
[1],0.25,coupled_audit,4,1,0.4,3.013906,-0.04862111
[1],0.25,separated_audit,0,1,-0.3,0.02672000000000001,0.00486668
[1],0.25,separated_audit,0.25,1.5,-0.4,-0.0032499999999999634,-0.00036018999999999965
[1],0.25,separated_audit,1,1,0.2,0.38922666666666667,-0.03520629333333333
[1],0.25,separated_audit,4,1,0.4,2.6505726666666667,-0.04862111
[2],0.25,coupled_winner,0,2,-0.3,1.0717242488294223,-0.03230450666666667
[2],0.25,coupled_winner,0.25,2,-0.3,1.303390915496089,-0.03230450666666667
[2],0.25,coupled_winner,1,2,-0.3,1.998390915496089,-0.03230450666666667
[2],0.25,coupled_winner,4,1,0.3,4.837445184429556,-0.032242773333333336
[2],0.25,coupled_audit,0,2,-0.3,0.38030733106666675,-0.03230450666666667
[2],0.25,coupled_audit,0.25,2,-0.3,0.6119739977333334,-0.03230450666666667
[2],0.25,coupled_audit,1,2,-0.3,1.3069739977333334,-0.03230450666666667
[2],0.25,coupled_audit,4,1,0.3,4.130201600000133,-0.032242773333333336
[2],0.25,separated_audit,0,1.5,-0.4,-0.00024236761130374724,-0.00028048999999999967
[2],0.25,separated_audit,0.25,2,-0.3,0.14864066440000007,-0.03230450666666667
[2],0.25,separated_audit,1,2,-0.3,0.8436406644000001,-0.03230450666666667
[2],0.25,separated_audit,4,1,0.3,3.6568682666667995,-0.032242773333333336
[3],0.25,coupled_winner,0,1,0.3,0.29119,0.011397026666666667
[3],0.25,coupled_winner,0.25,1,0.3,0.3645233333333333,0.011397026666666667
[3],0.25,coupled_winner,1,1,0.4,0.5858406666666667,0.00969182
[3],0.25,coupled_winner,4,1,0.4,1.4858406666666668,0.00969182
[3],0.25,coupled_audit,0,1,0.2,0.06533333333333335,0.007631433333333334
[3],0.25,coupled_audit,0.25,1,0.3,0.14083333333333334,0.011397026666666667
[3],0.25,coupled_audit,1,1,0.3,0.3608333333333334,0.011397026666666667
[3],0.25,coupled_audit,4,1,0.4,1.2585666666666666,0.00969182
[3],0.25,separated_audit,0,0.5,0.3,0.009247666666666673,-0.01577072
[3],0.25,separated_audit,0.25,0.5,0.4,0.04124766666666659,-0.001057253333333333
[3],0.25,separated_audit,1,1,0.3,0.21416666666666667,0.011397026666666667
[3],0.25,separated_audit,4,1,0.4,1.1085666666666667,0.00969182
"[0, 1]",0.5,coupled_winner,0,1,0.3,0.6764366666666667,-0.054765058000000005
"[0, 1]",0.5,coupled_winner,0.25,1,0.3,0.8631033333333332,-0.054765058000000005
"[0, 1]",0.5,coupled_winner,1,1,0.3,1.4231033333333334,-0.054765058000000005
"[0, 1]",0.5,coupled_winner,4,1,0.3,3.6631033333333334,-0.054765058000000005
"[0, 1]",0.5,coupled_audit,0,1.5,0,0.2207225833333334,-0.05150117466666666
"[0, 1]",0.5,coupled_audit,0.25,1.5,0,0.4007225833333334,-0.05150117466666666
"[0, 1]",0.5,coupled_audit,1,1.5,0,0.9407225833333333,-0.05150117466666666
"[0, 1]",0.5,coupled_audit,4,1,0.3,3.187976,-0.054765058000000005
"[0, 1]",0.5,separated_audit,0,0,0.3,0.012387666666666686,0.00486668
"[0, 1]",0.5,separated_audit,0.25,1.5,-0.3,0.06006475000000002,-0.01096876
"[0, 1]",0.5,separated_audit,1,1.5,0,0.5807225833333334,-0.05150117466666666
"[0, 1]",0.5,separated_audit,4,1,0.3,2.8146426666666664,-0.054765058000000005
"[0, 2]",0.5,coupled_winner,0,2,-0.3,1.0717242488294223,-0.03230450666666667
"[0, 2]",0.5,coupled_winner,0.25,2,-0.3,1.303390915496089,-0.03230450666666667
"[0, 2]",0.5,coupled_winner,1,1.5,0,2.0056360834850517,-0.032212784
"[0, 2]",0.5,coupled_winner,4,1.5,0,4.825636083485052,-0.032212784
"[0, 2]",0.5,coupled_audit,0,2,-0.3,0.3909399988666666,-0.03230450666666667
"[0, 2]",0.5,coupled_audit,0.25,2,-0.3,0.6226066655333333,-0.03230450666666667
"[0, 2]",0.5,coupled_audit,1,2,-0.3,1.3176066655333334,-0.03230450666666667
"[0, 2]",0.5,coupled_audit,4,1.5,0,4.130144166194482,-0.032212784
"[0, 2]",0.5,separated_audit,0,0.5,0.1,0.0001959002833666627,-0.00028048999999999967
"[0, 2]",0.5,separated_audit,0.25,2,-0.3,0.15927333219999995,-0.03230450666666667
"[0, 2]",0.5,separated_audit,1,2,-0.3,0.8542733322,-0.03230450666666667
"[0, 2]",0.5,separated_audit,4,1.5,0,3.660144166194481,-0.032212784
"[0, 3]",0.5,coupled_winner,0,1,0.3,0.29119,0.011397026666666667
"[0, 3]",0.5,coupled_winner,0.25,1,0.3,0.3645233333333333,0.011397026666666667
"[0, 3]",0.5,coupled_winner,1,1,0.4,0.5858406666666667,0.00969182
"[0, 3]",0.5,coupled_winner,4,1,0.4,1.4858406666666668,0.00969182
"[0, 3]",0.5,coupled_audit,0,1,0.2,0.05275999999999995,0.007631433333333334
"[0, 3]",0.5,coupled_audit,0.25,1,0.3,0.11055666666666665,0.011397026666666667
"[0, 3]",0.5,coupled_audit,1,1,0.3,0.3305566666666666,0.011397026666666667
"[0, 3]",0.5,coupled_audit,4,1,0.4,1.1911366666666665,0.00969182
"[0, 3]",0.5,separated_audit,0,1,-0.1,0.0002866666666666691,-0.01858934
"[0, 3]",0.5,separated_audit,0.25,1,0.2,-0.003906666666666707,0.007631433333333334
"[0, 3]",0.5,separated_audit,1,1,0.3,0.18388999999999997,0.011397026666666667
"[0, 3]",0.5,separated_audit,4,1,0.4,1.0411366666666666,0.00969182
"[1, 2]",0.5,coupled_winner,0,1.5,0,0.6403997168351853,-0.041918239999999996
"[1, 2]",0.5,coupled_winner,0.25,1.5,0,0.8153997168351852,-0.041918239999999996
"[1, 2]",0.5,coupled_winner,1,1.5,0,1.340399716835185,-0.041918239999999996
"[1, 2]",0.5,coupled_winner,4,1.5,0,3.440399716835185,-0.041918239999999996
"[1, 2]",0.5,coupled_audit,0,1,0.2,0.20468053333337785,-0.03602698666666667
"[1, 2]",0.5,coupled_audit,0.25,2,-0.3,0.3936683322,-0.04195102666666666
"[1, 2]",0.5,coupled_audit,1,2,-0.3,0.9136683322000001,-0.04195102666666666
"[1, 2]",0.5,coupled_audit,4,1.5,0,3.0054059161944817,-0.041918239999999996
"[1, 2]",0.5,separated_audit,0,0.5,0,-0.0025453163833110653,0.00969182
"[1, 2]",0.5,separated_audit,0.25,1.5,-0.3,0.05864021619438156,-0.011006853333333334
"[1, 2]",0.5,separated_audit,1,2,-0.3,0.5670016655333334,-0.04195102666666666
"[1, 2]",0.5,separated_audit,4,1.5,0,2.6554059161944816,-0.041918239999999996
"[1, 3]",0.5,coupled_winner,0,0.5,0.4,0.03898049999999995,-0.009014016666666666
"[1, 3]",0.5,coupled_winner,0.25,0.5,0.4,0.0523138333333333,-0.009014016666666666
"[1, 3]",0.5,coupled_winner,1,0.5,0.4,0.09231383333333332,-0.009014016666666666
"[1, 3]",0.5,coupled_winner,4,0.5,0.4,0.25231383333333324,-0.009014016666666666
"[1, 3]",0.5,coupled_audit,0,0.5,0.3,0.01792450000000003,-0.00871951
"[1, 3]",0.5,coupled_audit,0.25,0.5,0.3,0.024591166666666702,-0.00871951
"[1, 3]",0.5,coupled_audit,1,0.5,0.4,0.05641116666666663,-0.009014016666666666
"[1, 3]",0.5,coupled_audit,4,0.5,0.4,0.21641116666666657,-0.009014016666666666
"[1, 3]",0.5,separated_audit,0,1,-0.2,0.002756000000000033,-0.015176553333333336
"[1, 3]",0.5,separated_audit,0.25,1,-0.1,-0.01030666666666665,-0.0029941800000000004
"[1, 3]",0.5,separated_audit,1,0.5,0.4,0.029744499999999997,-0.009014016666666666
"[1, 3]",0.5,separated_audit,4,0.5,0.4,0.1897444999999999,-0.009014016666666666
"[2, 3]",0.5,coupled_winner,0,1,0.2,0.25098837037037036,0.00486668
"[2, 3]",0.5,coupled_winner,0.25,1,0.2,0.31265503703703706,0.00486668
"[2, 3]",0.5,coupled_winner,1,1,0.2,0.4976550370370371,0.00486668
"[2, 3]",0.5,coupled_winner,4,1,0.2,1.2376550370370372,0.00486668
"[2, 3]",0.5,coupled_audit,0,1,0.2,0.06606720000004443,0.00486668
"[2, 3]",0.5,coupled_audit,0.25,1,0.2,0.1277338666667111,0.00486668
"[2, 3]",0.5,coupled_audit,1,1,0.2,0.3127338666667111,0.00486668
"[2, 3]",0.5,coupled_audit,4,1,0.2,1.0527338666667112,0.00486668
"[2, 3]",0.5,separated_audit,0,1,-0.1,-0.0013669333333555785,-0.021009344000000003
"[2, 3]",0.5,separated_audit,0.25,1,0,0.0,0.0
"[2, 3]",0.5,separated_audit,1,1,0.2,0.18940053333337778,0.00486668
"[2, 3]",0.5,separated_audit,4,1,0.2,0.9294005333333778,0.00486668
